Date	Time	Text	Picture	Pic description
09/01/2025	13:00	"Ein Funke Geschichteâ€ ist ein Projekt das in der Veranstaltung â€Public Humanities Toolsâ€ an der UniversitÃ¤t zu KÃ¶ln entstanden ist. Es behandelt unter anderem das 1952 erschienene Buch â€Der Funke Lebenâ€œ von Erich Maria Remarque. Es werden tÃ¤glich Zitate aus dem Buch gepostet und mit historischen Fakten aus den letzten Monaten des 2. Weltkriegs in Europa verknÃ¼pft.   #FunkeGeschichte #80Befreiung #Geschichte		
09/01/2025	13:01	Der Hauptzeitraum des Projektes ist vom 29. MÃ¤rz bis zum 19. April. Dann kÃ¶nnt ihr tÃ¤glich mindestens einen Fakt zu historischen Ereignissen und mindestens ein Zitat aus dem Buch erwarten.   #FunkeGeschichte #80Befreiung #Geschichte		
09/01/2025	13:02	â€Der Funke Lebenâ€œ erzÃ¤hlt die Geschichte von HÃ¤ftling 509 und anderen Insassen, sowie WÃ¤rtern des fiktiven Konzentrationslagers Mellern in den letzten Monaten des Krieges.   #FunkeGeschichte #80Befreiung #Geschichte		
27/01/2025	14:00	Historisches Ereignis ğŸ“œ: Am 27. Januar erreicht die Rote Armee das Konzentrationslager Auschwitz und befreit etwa 7.600 Ãœberlebende.   #FunkeGeschichte #80Befreiung #Geschichte #Auschwitz		
13/02/2025	14:00	Historisches Ereignis ğŸ“œ: Am 13. Februar 1945 befreit die Rote Armee die wenigen verbliebenen Ãœberlebenden des Konzentrationslagers GroÃŸ-Rosen. Die Ã¼brigen HÃ¤ftlingen wurden wenige Tage vorher mit GÃ¼terzÃ¼gen und TodesmÃ¤rschen in andere Konzentrationslager verlegt.  #FunkeGeschichte #80Befreiung #Geschichte #GroÃŸ-Rosen		
29/03/2025	09:00	Zitat (Buch ğŸ“™): Das Skelett 509 hob langsam den SchÃ¤del und Ã¶ffnete die Augen. Es wuÃŸte nicht, ob es ohnmÃ¤chtig gewesen war oder nur geschlafen hatte. Zwischen dem einen und dem anderen bestand auch kaum noch ein Unterschied; Hunger und ErschÃ¶pfung hatten seit langem dafÃ¼r gesorgt.  #FunkeGeschichte #FunkeLeben #Remarque		
29/03/2025	12:00	Historisches Ereignis ğŸ“œ: Am 29. MÃ¤rz 1945 besetzen Amerikanische Truppen die Innenstadt Mannheims. Die Stadt wird an die Amerikaner Ã¼bergeben.  #FunkeGeschichte #80Befreiung #Geschichte #Mannheim		
29/03/2025	15:00	Zitat (Buch ğŸ“™): Mit einem Ruck drehte er sich um. Er hatte nicht getrÃ¤umt. Da lag die Stadt und brannte. Da waren Qualm und ZerstÃ¶rung, und es ging ihn doch etwas an.   #FunkeGeschichte #FunkeLeben #Remarque		
29/03/2025	18:00	Historisches Ereignis ğŸ“œ: FÃ¼r Frankfurt endet ebenfalls am 29. MÃ¤rz 1945 der zweite Weltkrieg durch Befreiung durch die Amerikaner. Die deutsche Befehlszentrale wurde vorher von Volltreffern zerstÃ¶rt.  #FunkeGeschichte #80Befreiung #Geschichte #Frankfurt		
30/03/2025	09:00	Zitat (Buch ğŸ“™): Sie waren noch zwÃ¶lf Mann. Vor zwei Monaten waren sie vierundvierzig gewesen. Der Winter hatte sie kaputt gemacht. Sie wuÃŸten alle, daÃŸ sie im letzten Stadium waren; die Rationen wurden stÃ¤ndig kleiner, und manchmal gab es ein bis zwei Tage Ã¼berhaupt nichts zu essen; dann lagen die Toten zu Haufen drauÃŸen.  #FunkeGeschichte #FunkeLeben #Remarque		
30/03/2025	12:00	Historisches Ereignis ğŸ“œ: Im Osten wird am 30. MÃ¤rz 1945 die Hafenstadt Danzig von Sowjetischen Truppen erobert.   #FunkeGeschichte #80Befreiung #Geschichte #Danzig		
30/03/2025	15:00	Zitat (Buch ğŸ“™): Â»Sie haben die Stadt bombardiertÂ«, sagte er keuchend. Niemand antwortete.   #FunkeGeschichte #FunkeLeben #Remarque		
30/03/2025	18:00	Historisches Ereignis ğŸ“œ: Am 30. MÃ¤rz 1945 wird Heidelberg von der US-Armee befreit.  #FunkeGeschichte #80Befreiung #Geschichte #Heidelberg		
31/03/2025	10:00	Zitat (Buch ğŸ“™): Bucher war fÃ¼nfundzwanzig Jahre alt und seit sieben Jahren im Lager. Sein Vater war Redakteur einer sozialdemokratischen Zeitung gewesen; das hatte genÃ¼gt, den Sohn einzusperren.  #FunkeGeschichte #FunkeLeben #Remarque		
31/03/2025	14:00	Historisches Ereignis ğŸ“œ: Unter General Jean de Lattre de Tassigny Ã¼berquert die 1. FranzÃ¶sische Armee am 31. MÃ¤rz 1945 bei Lingenfeld den Rhein.   #FunkeGeschichte #80Befreiung #Geschichte #Lingenfeld		
31/03/2025	18:00	Zitat (Buch ğŸ“™): Nach dem Bombardement hatten die Gefangenen unter dem Schutt und GerÃ¶ll ihre Toten herausgeholt - oder das, was von ihnen Ã¼briggeblieben war. Es war wichtig fÃ¼r den Appell. So gering das Leben eines Gefangenen auch geschÃ¤tzt wurde und so gleichgÃ¼ltig die SS sich dagegen verhielt: tot oder lebendig, die Zahl beim Appell muÃŸte stimmen. Die BÃ¼rokratie hielt vor Leichen nicht inne.  #FunkeGeschichte #FunkeLeben #Remarque		
01/04/2025	10:00	Zitat (Buch ğŸ“™): Es hatte ihm gut getan, einem dieser Kulturbolschewisten einmal zu zeigen, daÃŸ man auch noch etwas zu melden hatte.  Das mit den Freiwilligen war ein besonders guter Einfall gewesen. Es wÃ¼rde Wiese schwer fallen, jemand zu ergattern.  Die Gefangenen wuÃŸten fast alle Bescheid.   #FunkeGeschichte #FunkeLeben #Remarque		
01/04/2025	14:00	Historisches Ereignis ğŸ“œ: Am 1. April 1945 treffen Truppen der 1. und 9. US-Armee bei Lippstadt aufeinander und schlieÃŸen im Ruhrkessel etwa 300.000 deutsche Soldaten ein.  #FunkeGeschichte #80Befreiung #Geschichte #Ruhrkessel #Lippstadt		
01/04/2025	18:00	Zitat (Buch ğŸ“™): Â»Ich melde mich nicht freiwilligÂ«, sagte 509.  Der Kapo starrte ihn an. Die Schreiber hoben die KÃ¶pfe und duckten sie sofort wieder Ã¼ber ihre Papiere. Es wurde einen Moment sehr still.  Â»Was?Â« fragte Weber dann unglÃ¤ubig.  509 holte Atem. Â»Ich melde mich nicht freiwillig.Â«  #FunkeGeschichte #FunkeLeben #Remarque		
02/04/2025	09:00	Zitat (Buch ğŸ“™): Er zÃ¼ndete das Streichholz an. Lebenthal begann zu lesen, so rasch er konnte. Es waren die Ã¼blichen Vertuschungen. Die BrÃ¼cke sei wertlos, die Amerikaner seien unter schwerstem Feuer und abgeschnitten auf dem erreichten Ufer, Kriegsgericht erwarte die Truppe, die die BrÃ¼cke nicht zerstÃ¶rt habe - das Streichholz erlosch.  #FunkeGeschichte #FunkeLeben #Remarque		
02/04/2025	12:00	Historisches Ereignis ğŸ“œ: Wien wird am 2. April 1945 zum Verteidigungsbereich erklÃ¤rt. Der Kampf um die Stadt beginnt.   #FunkeGeschichte #80Befreiung #Geschichte #Wien		
02/04/2025	15:00	Zitat (Buch ğŸ“™): Es war still, und man hÃ¶rte nichts anderes als das dumpfe Aufschlagen der Stiefel Handkes gegen die Rippen Westhofs.  509 spÃ¼rte, wie Bucher sich neben ihm regte. Er packte sein Handgelenk und hielt ihn fest. Buchers Hand zuckte. 509 lieÃŸ nicht los. Handke trat stumpfsinnig weiter. Endlich wurde er mÃ¼de und sprang einige Male auf Westhofs RÃ¼cken. Westhof rÃ¼hrte sich nicht.  #FunkeGeschichte #FunkeLeben #Remarque		
02/04/2025	18:00	Historisches Ereignis ğŸ“œ: Britische und Amerikanische Truppen nehmen am 2.4.1945 MÃ¼nster ein.   #FunkeGeschichte #80Befreiung #Geschichte #MÃ¼nster		
02/04/2025	21:00	Zitat (Buch ğŸ“™): Der Waschraum war bereits ein Platz fÃ¼r den etwas besseren schwarzen Markt. Auf der Latrine wurden hÃ¶chstens Brotkrusten, Abfall und ein paar Zigarettenstummel umgesetzt.  Der Waschraum dagegen war schon ein Ort fÃ¼r die kleinen Kapitalisten.  #FunkeGeschichte #FunkeLeben #Remarque		
03/04/2025	10:00	Zitat (Buch ğŸ“™): Der nÃ¤chste Luftangriff kam zwei Tage spÃ¤ter. Die Sirenen begannen um acht Uhr Abends zu heulen. Kurz darauf fielen die ersten Bomben. Sie fielen rasch wie ein Schauer, und die Explosionen Ã¼bertÃ¶nten das Flakfeuer nur wenig. Erst zum SchluÃŸ kamen die schweren Kaliber.  #FunkeGeschichte #FunkeLeben #Remarque		
03/04/2025	14:00	Historisches Ereignis ğŸ“œ: Mit dem "Flaggenbefehl" ordnet Heinrich Himmler am 3. April 1945 an, dass â€in einem Haus, aus dem eine weiÃŸe Fahne erscheint, sind alle mÃ¤nnlichen Personen zu erschieÃŸenâ€œ  #FunkeGeschichte #80Befreiung #Geschichte #Flaggenbefehl		
03/04/2025	18:00	Zitat (Buch ğŸ“™): Â»Kommunist?Â« fragte er.  509 schÃ¼ttelte den Kopf.  Â»Sozialdemokrat?Â«  Â»Nein.Â«  Â»Was denn? Irgendwas muÃŸt du doch sein.Â« 509 blickte auf. Die Haut um seine Augen war noch verfÃ¤rbt von den BlutergÃ¼ssen.  Die Augen wurden dadurch heller; sie glÃ¤nzten fast durchsichtig im Licht des Feuers, als gehÃ¶rten sie nicht zu dem dunklen, demolierten Gesicht. Â»Ein StÃ¼ck Mensch - wenn dir das genÃ¼gt.Â«  #FunkeGeschichte #FunkeLeben #Remarque		
04/04/2025	09:00	Historisches Ereignis ğŸ“œ: In der Nacht auf den 4. April kapituliert Dirk Uhse fÃ¼r die "Festung" Kassel.   #FunkeGeschichte #80Befreiung #Geschichte #Kassel		
04/04/2025	12:00	Zitat (Buch ğŸ“™): Er blieb eine Weile grÃ¼belnd vor der groÃŸen bunten Landkarte von Europa stehen, die an der Wand gegenÃ¼ber dem Hitlerbild hing. Die FÃ¤hnchen darauf stimmten nicht mehr. Sie befanden sich noch weit innerhalb RuÃŸlands. Neubauer hatte sie da stecken lassen in einer Art von Aberglauben, daÃŸ sie vielleicht noch einmal gÃ¼ltig werden kÃ¶nnten.  #FunkeGeschichte #FunkeLeben #Remarque		
04/04/2025	15:00	Historisches Ereignis ğŸ“œ: Am Morgen des 4. Aprils 1945 beginnt der Angriff auf Karlsruhe durch die franzÃ¶sische Armee. Wenige Stunden spÃ¤ter ist die Stadt befreit.   #FunkeGeschichte #80Befreiung #Geschichte #Karlsruhe		
04/04/2025	18:00	Zitat (Buch ğŸ“™): Die Untergrundbewegung des Lagers hatte schon seit lÃ¤ngerer Zeit versucht, Waffen zu bekommen. Sie erwartete einen Endkampf mit der SS und wollte wenigstens nicht ganz wehrlos sein.  #FunkeGeschichte #FunkeLeben #Remarque		
05/04/2025	10:00	Zitat (Buch ğŸ“™): Der neue Transport kam nachmittags. UngefÃ¤hr fÃ¼nfzehnhundert Mann schleppten sich den Berg hinauf. Sie hatten weniger Invaliden bei sich, als zu erwarten war. Wer auf dem langen Weg liegengeblieben war, war immer gleich erschossen worden.  #FunkeGeschichte #FunkeLeben #Remarque		
05/04/2025	14:00	Historisches Ereignis ğŸ“œ: Die Sowjetunion kÃ¼ndigt den 1941 geschlossenen NeutralitÃ¤tspakt mit Japan auf.  #FunkeGeschichte #80Befreiung #Geschichte #Sowjetunion #Japan		
05/04/2025	18:00	Zitat (Buch ğŸ“™): Er steckte die Waffe weg. Â»Das macht gerade vierzig.Â«  Â»Vierzig, die du erledigt hast?Â« fragte Steinbrenner, der herangekommen war.  Robert nickte. Â»Auf diesem Transport.Â«  Â»Donnerwetter, du bist aber eine Nummer!Â« Steinbrenner starrte ihn voll Bewunderung und Neid an wie jemanden, der einen Rekord im Sport aufgestellt hat.  #FunkeGeschichte #FunkeLeben #Remarque		
06/04/2025	14:00	Zitat (Buch ğŸ“™): Karel kam von der Baracke herÃ¼ber. Â»Einer ist tot.Â« 509 stand auf. Â»LaÃŸt uns ihn `rausbringen.Â« Er wandte sich zu Ahasver. Â»Komm mit, Alter. Du bleibst dann gleich drin zum Schlafen.Â«  #FunkeGeschichte #FunkeLeben #Remarque		
06/04/2025	18:00	Historisches Ereignis ğŸ“œ: Am 6. April 1945 wird Hamm von amerikanischen Truppen besetzt und im Laufe des Tages offiziell Ã¼bergeben.  #FunkeGeschichte #80Befreiung #Geschichte #Hamm		
07/04/2025	10:00	Zitat (Buch ğŸ“™): 509 ergriff den vorÃ¼bertaumelnden Rosen am Arm, zog ihn heran und hinter sich durch die Reihe.  Â»Schnell! Durch! In die Baracke! Versteck dich!Â«  Er hÃ¶rte Rosen hinter sich keuchen und sah aus den Augenwinkeln etwas wie eine Bewegung, und dann hÃ¶rte er das Keuchen nicht mehr. Niemann hatte nichts gesehen.  #FunkeGeschichte #FunkeLeben #Remarque		
07/04/2025	14:00	Historisches Ereignis ğŸ“œ: Das Konzentrationslager Vaihingen wurde am 7. April 1945 von der franzÃ¶sischen Armee befreit. 650 Ãœberlebenden wurden vorgefunden, von denen noch mindestens 84 an den Folgen starben.  #FunkeGeschichte #80Befreiung #Geschichte #Vaihingen		
07/04/2025	18:00	Zitat (Buch ğŸ“™): Â»Ich weiÃŸ es nichtÂ«, erwiderte 509. Er wollte nicht sagen, was man im Lager wuÃŸte - daÃŸ Niemann eine Kanne Benzin und ein paar Injektionsspritzen in einem Raum des Versuchsblocks 46 hatte und daÃŸ keiner von den Gefangenen wiederkommen wÃ¼rde. Strohschneider wÃ¼rde sie abends zum Krematorium bringen.  #FunkeGeschichte #FunkeLeben #Remarque		
08/04/2025	10:00	Zitat (Buch ğŸ“™): 509 atmete scharf ein. Â»Ein Revolver?Â«  Â»Ja.Â«  509 schwieg einen Augenblick. Â»Unter meinem Bett ist ein Loch im BodenÂ«, sagte er dann leise und rasch. Â»Die Latten daneben sind lose. Man kann mehr als einen Revolver da unterbringen. Leicht. Hier wird nicht kontrolliert.Â«  #FunkeGeschichte #FunkeLeben #Remarque		
08/04/2025	14:00	Historisches Ereignis ğŸ“œ: Am 8. April 1945 bombardieren amerikanische Flugzeuge Halberstadt. Drei Tage spÃ¤ter wird die Stadt von den amerikanischen Bodentruppen eingenommen.  #FunkeGeschichte #80Befreiung #Geschichte #Halberstadt		
08/04/2025	18:00	Zitat (Buch ğŸ“™): Neben der TÃ¼r hockte jemand. Â»509!Â« flÃ¼sterte er. Es war Rosen. 509 schrak auf, als erwache er aus einem endlosen, schweren Traum. Er blickte hinunter.  Â»Ich heiÃŸe KollerÂ«, sagte er abwesend. Â»Friedrich Koller.Â«  #FunkeGeschichte #FunkeLeben #Remarque		
09/04/2025	09:00	Historisches Ereignis ğŸ“œ: Im Konzentrationslager Dachau wird Georg Elser, der im November 1939 das Sprengstoffattentat im MÃ¼nchner BÃ¼rgerbrÃ¤ukeller ausfÃ¼hrte, am 9. April ermordet.  #FunkeGeschichte #80Befreiung #Geschichte #GeorgElser #Dachau		
09/04/2025	12:00	Zitat (Buch ğŸ“™): Wir mÃ¼ssen Vorsorgen. Am besten ist es, wenn du stirbst.Â«  Â»Sterben? Wie? Wir haben kein Lazarett. Wie sollen wir das schieben? Hier ist die letzte Station.Â«  Â»Ãœber die allerletzte. Ãœber das Krematorium.Â«  #FunkeGeschichte #FunkeLeben #Remarque		
09/04/2025	15:00	Historisches Ereignis ğŸ“œ: Folgende Weisung ist ergangen: Bei einem der nÃ¤chsten Terrorangriffe auf MÃ¼nchen bzw. auf die Umgebung von Dachau ist angeblich â€šEllerâ€˜ tÃ¶tlich [sic!] verunglÃ¼ckt. Ich bitte, zu diesem Zweck â€šEllerâ€˜ in absolut unauffÃ¤lliger Weise nach Eintritt einer solchen Situation zu liquidieren.   #FunkeGeschichte #80Befreiung #Geschichte #GeorgElser #Dachau		
09/04/2025	18:00	Zitat (Buch ğŸ“™): Die Russen waren vor Berlin, daran war nicht zu drehen. Die Ruhr war eingekreist, das stimmte auch.  Â»HÃ¶ren Sie, BlankÂ«, sagte er kordial. Â»Ich habe Sie doch sehr anstÃ¤ndig behandelt, wie?Â«  Â»Ãœberaus! Ãœberaus!Â«  Â»Das mÃ¼ssen Sie doch zugeben, was?Â«  Â»Unbedingt, Herr ObersturmbannfÃ¼hrer. Unbedingt.Â«  Â»Menschlich -Â«  Â»Sehr menschlich, Herr ObersturmbannfÃ¼hrer. Zutiefst dankbar -Â«  #FunkeGeschichte #FunkeLeben #Remarque		
09/04/2025	21:00	Historisches Ereignis ğŸ“œ: Im KZ FlossenbÃ¼rg werden die im Widerstand engagierten Gefangenen Dietrich Bonhoeffer, Wilhelm Canaris, Hans von Dohnanyi, Ludwig Gehre, Hans Oster, Karl Sack, Theodor StrÃ¼nck auf Befehl Hitler's ermordet.   #FunkeGeschichte #80Befreiung #Geschichte #FlossenbÃ¼rg		
10/04/2025	10:00	Zitat (Buch ğŸ“™): Dreyer schielte noch einen Augenblick. Dann bewegte er die Oberlippe wie ein Kaninchen. Â»So, und was wolltest du eigentlich?Â« fragte er.  Berger merkte, daÃŸ er gewonnen hatte. Â»Das, was ich gesagt habe. Die Personalien eines Toten austauschen. Das ist alles.Â«  #FunkeGeschichte #FunkeLeben #Remarque		
10/04/2025	14:00	Historisches Ereignis ğŸ“œ: Am 10. April 1945 verlassen 9280 HÃ¤ftlinge das Konzentrationslager Buchenwald in zwei Kolonnen auf einem Todesmarsch.   #FunkeGeschichte #80Befreiung #Geschichte #Buchenwald		
10/04/2025	18:00	Zitat (Buch ğŸ“™): Sie setzten sich abseits von den anderen. Â»Gestern nacht haben wir in Block 6 Ã¼ber unser Radio Nachrichten hÃ¶ren kÃ¶nnen. Englische. Wir hatten viele StÃ¶rungen; aber eine kam klar durch. Die Russen beschieÃŸen bereits Berlin.Â«  #FunkeGeschichte #FunkeLeben #Remarque		
11/04/2025	09:00	Historisches Ereignis ğŸ“œ: UnterstÃ¼tzt durch Widerstand von Innen, befreit am 11. April 1945 die US-Armee das Konzentrationslager Buchenwald. Unter den 21.000 befreiten HÃ¤ftlingen befinden sich Ã¼ber 900 Kinder und Jugendliche.  #FunkeGeschichte #80Befreiung #Geschichte #Buchenwald		
11/04/2025	12:00	Zitat (Buch ğŸ“™): Â»Kannst du was sehen, Bucher?Â« fragte Berger. Sie hockten vor dem kleinen Fenster auf dem obersten Bett.  Â»Ja. Sie weigern sich. Sie wollen nicht.Â«  Â»Aufstehen!Â« schrie es drauÃŸen. Â»Antreten! Antreten zum AbzÃ¤hlen!Â« Die Juden standen nicht auf. Sie blieben flach auf der Erde liegen und blickten mit Augen voll Terror auf die Wachen oder verbargen die KÃ¶pfe in den Armen.  #FunkeGeschichte #FunkeLeben #Remarque		
11/04/2025	15:00	Historisches Ereignis ğŸ“œ: Am 11. April 1945 befreit die US-Armee ebenfalls das Konzentrationslager Mittelbau-Dora. Der GroÃŸteil der Gefangenen wurde vorher durch RÃ¤umungstransporte und TodesmÃ¤rsche vorher in andere Lager verlegt.   #FunkeGeschichte #80Befreiung #Geschichte		
11/04/2025	18:00	Zitat (Buch ğŸ“™): Berger trat vor. Â»Baracke 22, Sektion -Â« begann er zu melden.  Â»Schnauze! Wo sind sie?Â«  Berger hatte keine Wahl. Er wuÃŸte, daÃŸ die FlÃ¼chtlinge in wenigen Augenblicken gefunden werden muÃŸten. Er wuÃŸte auch, daÃŸ die Baracke auf keinen Fall durchsucht werden durfte.  Zwei politische FlÃ¼chtlinge vom Arbeitslager waren darin versteckt.    #FunkeGeschichte #FunkeLeben #Remarque		
12/04/2025	10:00	Zitat (Buch ğŸ“™): Â»509 braucht keine Angst mehr zu habenÂ«, sagte Lewinsky rasch und abgerissen. Â»Handke ist tot.Â«  Â»Tot? Durch eine Bombe?Â«  Â»Nein. Tot.Â«  Â»Wie ist das passiert? Hat die SS ihn im Nebel erwischt?Â«  Â»Wir haben ihn erwischt. Das ist genug, oder nicht? Die Hauptsache ist, daÃŸ er erledigt ist. Er war gefÃ¤hrlich. Der Nebel war gÃ¼nstig.Â«   #FunkeGeschichte #FunkeLeben #Remarque		
12/04/2025	14:00	Historisches Ereignis ğŸ“œ: Der 32. US PrÃ¤sident Franklin D. Roosevelt stirbt am 12. April 1945. Harry S. Truman Ã¼bernimmt das Amt.   #FunkeGeschichte #80Befreiung #Geschichte #Roosevelt #Truman		
12/04/2025	18:00	Zitat (Buch ğŸ“™): 509 war plÃ¶tzlich vÃ¶llig verzweifelt. Er hatte so viele Menschen sterben sehen und war so oft beinahe selbst gestorben, daÃŸ er geglaubt hatte, ein einzelner Tod kÃ¶nne nicht mehr viel fÃ¼r ihn bedeuten. Jetzt aber traf es ihn wie das erstemal. Ihm schien, als verliere er den letzten und einzigen Freund seines Lebens. Er war sofort hoffnungslos.  #FunkeGeschichte #FunkeLeben #Remarque		
13/04/2025	09:00	Zitat (Buch ğŸ“™): Neubauer lachte wieder. Â»Die? Die noch weniger! Das geht sie doch gar nichts an! Um innenpolitische Angelegenheiten wie unsere Lager kÃ¼mmern die sich Ã¼berhaupt nicht! Das mit denen ist eine rein auÃŸenpolitische, militÃ¤rische Angelegenheit. Verstehst du das nicht?Â«  #FunkeGeschichte #FunkeLeben #Remarque		
13/04/2025	12:00	Historisches Ereignis ğŸ“œ: Am 13. April 1945 nehmen amerikanische Truppen unter heftigen KÃ¤mpfen die Stadt Jena ein.   #FunkeGeschichte #80Befreiung #Geschichte #Jena		
13/04/2025	15:00	Zitat (Buch ğŸ“™): 509 dachte nach. Â»Vor 1933 war ich Redakteur an einer Zeitung. Wir haben oft diskutiert. Und ich habe seine Partei oft angegriffen. Seine Partei und die Nazis. Wir waren gegen beide.Â«  Â»Und wofÃ¼r wart ihr?Â«  Â»FÃ¼r etwas, das jetzt ziemlich pompÃ¶s und lÃ¤cherlich klingt. FÃ¼r Menschlichkeit, Toleranz und das Recht des einzelnen auf eine eigene Meinung. Komisch, was?Â«  #FunkeGeschichte #FunkeLeben #Remarque		
13/04/2025	18:00	Historisches Ereignis ğŸ“œ: Beim Massaker von Gardelegen werden am 13. April 1945 Ã¼ber 1000 Konzentrationslager-HÃ¤ftlinge ermordet.  #FunkeGeschichte #80Befreiung #Geschichte #Gardelegen		
14/04/2025	10:00	Zitat (Buch ğŸ“™): Das Rumpeln wurde etwas lauter und sank dann zurÃ¼ck. Â»Das ist kein DonnerÂ«, sagte 509. Â»Das ist -Â« Er wartete noch einen Augenblick, dann sah er sich um und sagte, immer noch sehr leise: Â»Das ist Artilleriefeuer.Â«  #FunkeGeschichte #FunkeLeben #Remarque		
14/04/2025	14:00	Historisches Ereignis ğŸ“œ: In der Nacht vom 14. April 1945 findet der Luftangriff auf Potsdam durch die Royal Air Force statt. Die Stadt wird schlussendlich am 27. April von der Roten Armee eingenommen.  #FunkeGeschichte #80Befreiung #Geschichte #Potsdam		
14/04/2025	18:00	Zitat (Buch ğŸ“™): Â»Nicht lange. Wir hier hatten eine Notgemeinschaft gegen die Nazis. Die fÃ¤llt weg, wenn der Krieg zu Ende ist.Â«  509 nickte. Â»Es soll mich ebenfalls wundem, wie lange es dauern wÃ¼rde, wenn ihr die Macht hÃ¤ttet, bis du mich einsperren lieÃŸest.Â«  Â»Nicht lange. Du bist immer noch gefÃ¤hrlich. Aber du wÃ¼rdest nicht gefoltert werden.Â«  509 zuckte die Achseln.  Â»Wir wÃ¼rden dich einsperren und arbeiten lassen. Oder dich erschieÃŸen.Â«  #FunkeGeschichte #FunkeLeben #Remarque		
15/04/2025	09:00	Historisches Ereignis ğŸ“œ: Das Konzentrationslager Bergen-Belsen wird durch britische Truppen befreit. Auf dem GelÃ¤nde befinden sich noch etwa 60.000 HÃ¤ftlinge. Von ihnen sterben noch 13.000.  #FunkeGeschichte #80Befreiung #Geschichte #BergenBelsen		
15/04/2025	12:00	Zitat (Buch ğŸ“™): Die Idee mit dem Lager hatte sich jetzt am Ende doch als Fehler herausgestellt. GewiÃŸ, in den ersten Jahren hatte man es als gutes Druckmittel benutzen kÃ¶nnen; aber nun hatte man es dafÃ¼r am Halse. Immerhin, er war einer der menschlichsten Kommandanten.  Das war bekannt. Mellern war kein Dachau, kein Oranienburg, kein Buchenwald - von den Vernichtungslagern gar nicht zu reden.  #FunkeGeschichte #FunkeLeben #Remarque		
15/04/2025	15:00	Historisches Ereignis ğŸ“œ: Nach einem Monat endet am am 15. April 1945 die Schlacht um Wien. Die Stadt wird durch sowjetische Truppen befreit.   #FunkeGeschichte #80Befreiung #Geschichte #Wien		
15/04/2025	18:00	Zitat (Buch ğŸ“™): Der BlockÃ¤lteste trat einen Schritt zurÃ¼ck. Er wuÃŸte, was alles schon mit VerrÃ¤tern und Denunzianten geschehen war. Â»Ihr hier gehÃ¶rt dazu?Â« fragte er unglÃ¤ubig.  Â»Sei vernÃ¼nftigÂ«, sagte Berger ruhig. Â»Und mach dich und uns nicht verrÃ¼ckt. Wer will jetzt noch auf die Liste derer kommen, mit denen abgerechnet wird?Â«  #FunkeGeschichte #FunkeLeben #Remarque		
16/04/2025	10:00	Zitat (Buch ğŸ“™): Â»LaÃŸt uns Hoffnung fressen, wenn wir nichts anderes habenÂ«, sagte 509. Â»LaÃŸt uns all die Hoffnung fressen, die es gibt. LaÃŸt uns das GeschÃ¼tzfeuer fressen! Wir mÃ¼ssen durchkommen. Wir werden durchkommen!Â«  #FunkeGeschichte #FunkeLeben #Remarque		
16/04/2025	14:00	Historisches Ereignis ğŸ“œ: Der Kampf um Berlin beginnt an 16. April 1945 mit dem Angriff auf die Seelower HÃ¶hlen durch die Rote Armee  #FunkeGeschichte #80Befreiung #Geschichte #Berlin		
16/04/2025	18:00	Zitat (Buch ğŸ“™): Â»Was mir an dir gefÃ¤lltÂ« sagte Breuer, Â»ist, daÃŸ du nicht klein beigegeben hast. Aber ich muÃŸ dich umlegen, damit du nichts erzÃ¤hlst. Gerade dich, den Ã¤ltesten Gast. Dich zuerst. Die anderen kommen auch dranÂ«, fÃ¼gte er begÃ¼tigend hinzu. Â»Keine Zeugen hinterlassen. Alte nationalsozialistische Parole.Â« Er holte einen Hammer aus der Tischschublade.  #FunkeGeschichte #FunkeLeben #Remarque		
17/04/2025	09:00	Zitat (Buch ğŸ“™): Das Flugzeug kam noch dichter herunter. Alle starrten hinauf. Und auf einmal bewegte es die FlÃ¼gel. Es sah aus, als winke es mit ihnen. Im ersten Augenblick glaubten die HÃ¤ftlinge, es sei angeschossen; aber es machte eine neue Runde, und die FlÃ¼gel bewegten sich noch zweimal, auf und nieder, wie VogelflÃ¼gel.  Dann flog es aufwÃ¤rts, wieder davon. SchÃ¼sse knatterten ihm nach.  #FunkeGeschichte #FunkeLeben #Remarque		
17/04/2025	12:00	Zitat (Buch ğŸ“™): Er wÃ¼rde das Lager Ã¼bergeben, korrekt. Man wÃ¼rde ihn militÃ¤risch korrekt behandeln.  Es gab dafÃ¼r Traditionen, Umgangsformen, militÃ¤rische Ãœberlieferungen. Man war ja selbst Soldat. So gut wie Soldat.  UniformtrÃ¤ger. Hoher Offizier. Man verstand sich da.  Neubauer reckte sich. Man wÃ¼rde ihn internieren, das war mÃ¶glich. FÃ¼r eine kurze Zeit sicherlich nur.   #FunkeGeschichte #FunkeLeben #Remarque		
17/04/2025	15:00	Historisches Ereignis ğŸ“œ: Die Verteidigung im Ã¶stlichen Teil des Ruhrkessels bricht am 17. April 1945 zusammen. Hunderttausende deutsche Soldaten werden gefangen genommen.  #FunkeGeschichte #80Befreiung #Geschichte #Ruhrkessel #Lippstadt		
17/04/2025	18:00	Zitat (Buch ğŸ“™): Das BrÃ¼llen und SchieÃŸen dauerte einige Minuten. Dann wurde es plÃ¶tzlich stÃ¤rker und kam nÃ¤her. 509 drÃ¼ckte sich dichter hinter die Toten. Er sah das rote Stottern des Maschinengewehres. EinschÃ¼sse klatschten Ã¼berallhin. Ein halbes Dutzend SS-Leute kam feuernd den groÃŸen Mittelweg herunter. Sie schossen in die Baracken zu beiden Seiten.   #FunkeGeschichte #FunkeLeben #Remarque		
18/04/2025	10:00	Zitat (Buch ğŸ“™): Er holte den Revolver unter dem Hemd hervor. Dann hÃ¶rte er in einer kurzen Stille zwischen dem BrÃ¼llen der SS und dem Sausen des Feuers das Schreien der Gefangenen lauter. Es war ein hohes, Unmenschliches Schreien. Ohne zu Ã¼berlegen, zielte er auf den RÃ¼cken Webers und drÃ¼ckte ab. Er hÃ¶rte den SchuÃŸ unter den anderen SchÃ¼ssen nicht. Er sah Weber auch nicht fallen.  #FunkeGeschichte #FunkeLeben #Remarque		
18/04/2025	14:00	Historisches Ereignis ğŸ“œ: Unter heftigen KÃ¤mpfen befreien am 18. April 1945 amerikanische Truppen die Stadt Leipzig.  #FunkeGeschichte #80Befreiung #Geschichte #Leipzig		
18/04/2025	18:00	Zitat (Buch ğŸ“™): Die Flieger kamen noch einmal sehr tief herunter. Die FlÃ¼gel grÃ¼ÃŸten wieder. Dann verschwanden sie.  Die Menge drÃ¤ngte zurÃ¼ck. Sie blickte immer wieder zum Himmel auf. Â»SpeckÂ«, sagte jemand. Â»Nach dem Krieg 1914 gab es Speckpakete von Ãœbersee -Â«  Dann sahen sie plÃ¶tzlich, unten auf der StraÃŸe, niedrig und gefÃ¤hrlich, den ersten amerikanischen Panzer.  #FunkeGeschichte #FunkeLeben #Remarque		
19/04/2025	14:00	Historisches Ereignis ğŸ“œ: Nach vier Tagen endet die Schlacht um die Seelower HÃ¶hlen mit einem Sieg der Roten Armee und diese stÃ¶ÃŸt weiter Richtung Berlin vor.   #FunkeGeschichte #80Befreiung #Geschichte #Berlin		
19/04/2025	18:00	Zitat (Buch ğŸ“™): Â»Ich war nicht hier - davon weiÃŸ ich nichts. Das haben andere eigenmÃ¤chtig getan -Â«  Â»NatÃ¼rlich. Immer andere. Und die, die hier in all den Jahren verreckt sind? Das waren Sie auch nicht, was?Â«  Â»Das war Befehl. Pflicht -Â«  Der Korporal wendete sich an einen Mann, der neben ihm stand. Â»Das werden in den nÃ¤chsten Jahren zwei hÃ¤ufige Worte hier sein: Ich habe auf Befehl gehandelt, und: Ich habe nichts davon gewuÃŸt.Â«  #FunkeGeschichte #FunkeLeben #Remarque		
22/04/2025	14:00	Historisches Ereignis ğŸ“œ: Einen Tag vor der Befreiung des Konzentrationslagers Sachsenhausen am 22. April 1945 werden Ã¼ber 30.000 der HÃ¤ftlinge in TodesmÃ¤rschen in andere Lager verlegt. Nur etwa 3.000 zurÃ¼ckgebliebene werden befreit.  #FunkeGeschichte #80Befreiung #Geschichte #Sachsenhausen		
23/04/2025	14:00	Historisches Ereignis ğŸ“œ: Am 23. April 1945 befreit die US-Armee das Konzentrationslager FlossenbÃ¼rg. Auch hier findet man nur etwa 1.500 zurÃ¼ckgebliebene, schwerkranke HÃ¤ftlinge vor.  #FunkeGeschichte #80Befreiung #Geschichte #FlossenbÃ¼rg		
29/04/2025	14:00	Historisches Ereignis ğŸ“œ: Um ihre Befreiuung durch amerikanische Truppen zu verhindern, werden von der SS Ã¼ber 25.000 HÃ¤ftlinge des Konzentrationslagers Dachau auf TodesmÃ¤rsche Richtung Tirol geschickt oder in GÃ¼terzÃ¼gen abtransportiert. Das Lager wird wenig spÃ¤ter am 29. April 1945 befreit.   #FunkeGeschichte #80Befreiung #Geschichte #Dachau		
30/04/2025	14:00	Historisches Ereignis ğŸ“œ: Am 30. April 1945 befreit die Rote Armee etwa 2.000 zurÃ¼ckgelassene HÃ¤ftlinge im Konzentrationslager RavensbrÃ¼ck. Von den Ãœberlebenden starben viele an den Folgen der Haft.  #FunkeGeschichte #80Befreiung #Geschichte #RavensbrÃ¼ck		
30/04/2025	18:00	Historisches Ereignis ğŸ“œ: Sowjetische Truppen dringen am 30. April in die Stadtmitte Berlins vor. Adolf Hitler begeht Selbstmord.  #FunkeGeschichte #80Befreiung #Geschichte #Berlin #Hitler		
02/05/2025	14:00	Historisches Ereignis ğŸ“œ: Die Stadt Berlin kapituliert am 2. Mai 1945. Auf dem Brandenburger Tor werden die sowjetische Flagge, als auch die Flagge Polens gehisst.  #FunkeGeschichte #80Befreiung #Geschichte #Berlin #Kapitulation		
02/05/2025	18:00	Historisches Ereignis ğŸ“œ: Am 2. Mai 1945 fand die britische Armee das Konzentrationslager Neuengamme leer vor. Die HÃ¤ftlinge wurden Ende Aprils unter anderem auf Schiffe wie die Cap Arcona verladen. Etwa 6600 von ihnen starben beim Brand und folgenden Untergang dieser.  #FunkeGeschichte #80Befreiung #Geschichte #Neuengamme #CapArcona		
05/05/2025	14:00	Historisches Ereignis ğŸ“œ: Am 5. Mai befreien US-Truppen das Konzentrationslager Mauthausen. Von den etwa 40.000 vorgefundenen Gefangen sterben Tausende in den folgenden Monaten an den Folgen der Haft.   #FunkeGeschichte #80Befreiung #Geschichte #Mauthausen		
08/05/2025	14:00	Historisches Ereignis ğŸ“œ: Am 8. Mai kapituliert die deutsche Wehrmacht bedingungslos. Es ist das Ende des zweiten Weltkriegs in Europa.   #FunkeGeschichte #80Befreiung #Geschichte #Kapitulation #TagDerBefreiung		